"year","month","avg_sale"
"2022","7","541.3414634146342"
"2023","2","535.531914893617"
